/*M!999999\- enable the sandbox mode */ 
-- MariaDB dump 10.19  Distrib 10.5.29-MariaDB, for debian-linux-gnueabihf (armv8l)
--
-- Host: localhost    Database: physical_music
-- ------------------------------------------------------
-- Server version	10.5.29-MariaDB-0+deb11u1

/*!40101 SET @OLD_CHARACTER_SET_CLIENT=@@CHARACTER_SET_CLIENT */;
/*!40101 SET @OLD_CHARACTER_SET_RESULTS=@@CHARACTER_SET_RESULTS */;
/*!40101 SET @OLD_COLLATION_CONNECTION=@@COLLATION_CONNECTION */;
/*!40101 SET NAMES utf8mb4 */;
/*!40103 SET @OLD_TIME_ZONE=@@TIME_ZONE */;
/*!40103 SET TIME_ZONE='+00:00' */;
/*!40014 SET @OLD_UNIQUE_CHECKS=@@UNIQUE_CHECKS, UNIQUE_CHECKS=0 */;
/*!40014 SET @OLD_FOREIGN_KEY_CHECKS=@@FOREIGN_KEY_CHECKS, FOREIGN_KEY_CHECKS=0 */;
/*!40101 SET @OLD_SQL_MODE=@@SQL_MODE, SQL_MODE='NO_AUTO_VALUE_ON_ZERO' */;
/*!40111 SET @OLD_SQL_NOTES=@@SQL_NOTES, SQL_NOTES=0 */;

--
-- Table structure for table `lookup_album`
--

DROP TABLE IF EXISTS `lookup_album`;
/*!40101 SET @saved_cs_client     = @@character_set_client */;
/*!40101 SET character_set_client = utf8mb4 */;
CREATE TABLE `lookup_album` (
  `album_id` int(11) NOT NULL,
  `album` varchar(255) DEFAULT NULL,
  PRIMARY KEY (`album_id`)
) ENGINE=InnoDB DEFAULT CHARSET=utf8mb4 COLLATE=utf8mb4_general_ci;
/*!40101 SET character_set_client = @saved_cs_client */;

--
-- Dumping data for table `lookup_album`
--

LOCK TABLES `lookup_album` WRITE;
/*!40000 ALTER TABLE `lookup_album` DISABLE KEYS */;
INSERT INTO `lookup_album` VALUES (3,'Aja'),(12,'Selling England By The Pound'),(51,'A Rush of Blood to the Head'),(184,'Soul Box'),(204,'Glittering Prize');
/*!40000 ALTER TABLE `lookup_album` ENABLE KEYS */;
UNLOCK TABLES;

--
-- Table structure for table `lookup_artist`
--

DROP TABLE IF EXISTS `lookup_artist`;
/*!40101 SET @saved_cs_client     = @@character_set_client */;
/*!40101 SET character_set_client = utf8mb4 */;
CREATE TABLE `lookup_artist` (
  `id` int(11) NOT NULL,
  `artist` varchar(255) DEFAULT NULL,
  PRIMARY KEY (`id`)
) ENGINE=InnoDB DEFAULT CHARSET=utf8mb4 COLLATE=utf8mb4_general_ci;
/*!40101 SET character_set_client = @saved_cs_client */;

--
-- Dumping data for table `lookup_artist`
--

LOCK TABLES `lookup_artist` WRITE;
/*!40000 ALTER TABLE `lookup_artist` DISABLE KEYS */;
INSERT INTO `lookup_artist` VALUES (5,'Steely Dan'),(10,'Genesis'),(28,'Coldplay'),(114,'Grover Washington Jr.'),(131,'Simple Minds');
/*!40000 ALTER TABLE `lookup_artist` ENABLE KEYS */;
UNLOCK TABLES;

--
-- Table structure for table `lookup_bit_depth`
--

DROP TABLE IF EXISTS `lookup_bit_depth`;
/*!40101 SET @saved_cs_client     = @@character_set_client */;
/*!40101 SET character_set_client = utf8mb4 */;
CREATE TABLE `lookup_bit_depth` (
  `id` int(11) NOT NULL,
  `bit_depth` varchar(50) DEFAULT NULL,
  PRIMARY KEY (`id`)
) ENGINE=InnoDB DEFAULT CHARSET=utf8mb4 COLLATE=utf8mb4_general_ci;
/*!40101 SET character_set_client = @saved_cs_client */;

--
-- Dumping data for table `lookup_bit_depth`
--

LOCK TABLES `lookup_bit_depth` WRITE;
/*!40000 ALTER TABLE `lookup_bit_depth` DISABLE KEYS */;
INSERT INTO `lookup_bit_depth` VALUES (1,'16-bit'),(2,'24-bit'),(3,'1-bit (DSD)');
/*!40000 ALTER TABLE `lookup_bit_depth` ENABLE KEYS */;
UNLOCK TABLES;

--
-- Table structure for table `lookup_digital_format_type`
--

DROP TABLE IF EXISTS `lookup_digital_format_type`;
/*!40101 SET @saved_cs_client     = @@character_set_client */;
/*!40101 SET character_set_client = utf8mb4 */;
CREATE TABLE `lookup_digital_format_type` (
  `id` int(11) NOT NULL,
  `digital_format_type` varchar(50) DEFAULT NULL,
  PRIMARY KEY (`id`)
) ENGINE=InnoDB DEFAULT CHARSET=utf8mb4 COLLATE=utf8mb4_general_ci;
/*!40101 SET character_set_client = @saved_cs_client */;

--
-- Dumping data for table `lookup_digital_format_type`
--

LOCK TABLES `lookup_digital_format_type` WRITE;
/*!40000 ALTER TABLE `lookup_digital_format_type` DISABLE KEYS */;
INSERT INTO `lookup_digital_format_type` VALUES (1,'FLAC'),(2,'DSF'),(3,'DFF'),(4,'ALAC');
/*!40000 ALTER TABLE `lookup_digital_format_type` ENABLE KEYS */;
UNLOCK TABLES;

--
-- Table structure for table `lookup_label`
--

DROP TABLE IF EXISTS `lookup_label`;
/*!40101 SET @saved_cs_client     = @@character_set_client */;
/*!40101 SET character_set_client = utf8mb4 */;
CREATE TABLE `lookup_label` (
  `id` int(11) NOT NULL,
  `label` varchar(255) DEFAULT NULL,
  PRIMARY KEY (`id`)
) ENGINE=InnoDB DEFAULT CHARSET=utf8mb4 COLLATE=utf8mb4_general_ci;
/*!40101 SET character_set_client = @saved_cs_client */;

--
-- Dumping data for table `lookup_label`
--

LOCK TABLES `lookup_label` WRITE;
/*!40000 ALTER TABLE `lookup_label` DISABLE KEYS */;
INSERT INTO `lookup_label` VALUES (1,'Apple'),(5,'MCA'),(10,'Charisma'),(12,'Parlophone'),(86,'Vocalion');
/*!40000 ALTER TABLE `lookup_label` ENABLE KEYS */;
UNLOCK TABLES;

--
-- Table structure for table `lookup_physical_format_type`
--

DROP TABLE IF EXISTS `lookup_physical_format_type`;
/*!40101 SET @saved_cs_client     = @@character_set_client */;
/*!40101 SET character_set_client = utf8mb4 */;
CREATE TABLE `lookup_physical_format_type` (
  `id` int(11) NOT NULL,
  `physical_format_type` varchar(50) DEFAULT NULL,
  PRIMARY KEY (`id`)
) ENGINE=InnoDB DEFAULT CHARSET=utf8mb4 COLLATE=utf8mb4_general_ci;
/*!40101 SET character_set_client = @saved_cs_client */;

--
-- Dumping data for table `lookup_physical_format_type`
--

LOCK TABLES `lookup_physical_format_type` WRITE;
/*!40000 ALTER TABLE `lookup_physical_format_type` DISABLE KEYS */;
INSERT INTO `lookup_physical_format_type` VALUES (1,'CD'),(2,'CD [REPACK]'),(3,'DVD-AUDIO [STEREO]'),(4,'DVD-AUDIO [SURROUND]'),(5,'DVD-VIDEO [STEREO]'),(6,'DVD-VIDEO [SURROUND]'),(7,'SACD'),(8,'SACD [REPACK]'),(9,'VINYL'),(10,'DIGITAL DOWNLOAD'),(11,'SACD POLYPOD'),(12,'CD POLYPOD'),(13,'BUBBLE UPnP'),(14,'CD POLYPOD [REPACK]'),(15,'BLU-RAY-VIDEO');
/*!40000 ALTER TABLE `lookup_physical_format_type` ENABLE KEYS */;
UNLOCK TABLES;

--
-- Table structure for table `lookup_sample_rate`
--

DROP TABLE IF EXISTS `lookup_sample_rate`;
/*!40101 SET @saved_cs_client     = @@character_set_client */;
/*!40101 SET character_set_client = utf8mb4 */;
CREATE TABLE `lookup_sample_rate` (
  `id` int(11) NOT NULL,
  `sample_rate` varchar(50) DEFAULT NULL,
  PRIMARY KEY (`id`)
) ENGINE=InnoDB DEFAULT CHARSET=utf8mb4 COLLATE=utf8mb4_general_ci;
/*!40101 SET character_set_client = @saved_cs_client */;

--
-- Dumping data for table `lookup_sample_rate`
--

LOCK TABLES `lookup_sample_rate` WRITE;
/*!40000 ALTER TABLE `lookup_sample_rate` DISABLE KEYS */;
INSERT INTO `lookup_sample_rate` VALUES (1,'44.1 kHz'),(2,'88.2 kHz'),(3,'96 kHz'),(4,'176.4 kHz'),(5,'192 kHz'),(6,'2.8 MHz (DSD64)');
/*!40000 ALTER TABLE `lookup_sample_rate` ENABLE KEYS */;
UNLOCK TABLES;

--
-- Table structure for table `lookup_storage_location`
--

DROP TABLE IF EXISTS `lookup_storage_location`;
/*!40101 SET @saved_cs_client     = @@character_set_client */;
/*!40101 SET character_set_client = utf8mb4 */;
CREATE TABLE `lookup_storage_location` (
  `id` int(11) NOT NULL,
  `storage_location` varchar(100) DEFAULT NULL,
  PRIMARY KEY (`id`)
) ENGINE=InnoDB DEFAULT CHARSET=utf8mb4 COLLATE=utf8mb4_general_ci;
/*!40101 SET character_set_client = @saved_cs_client */;

--
-- Dumping data for table `lookup_storage_location`
--

LOCK TABLES `lookup_storage_location` WRITE;
/*!40000 ALTER TABLE `lookup_storage_location` DISABLE KEYS */;
/*!40000 ALTER TABLE `lookup_storage_location` ENABLE KEYS */;
UNLOCK TABLES;

--
-- Table structure for table `master_release_entry`
--

DROP TABLE IF EXISTS `master_release_entry`;
/*!40101 SET @saved_cs_client     = @@character_set_client */;
/*!40101 SET character_set_client = utf8mb4 */;
CREATE TABLE `master_release_entry` (
  `id` int(11) NOT NULL,
  `artist` int(11) DEFAULT NULL,
  `album` int(11) DEFAULT NULL,
  `label` int(11) DEFAULT NULL,
  `catalogue_no` varchar(255) DEFAULT NULL,
  `original_release_year` int(11) DEFAULT NULL,
  `this_release_year` int(11) DEFAULT NULL,
  `physical_format_type` int(11) DEFAULT NULL,
  `storage_location` int(11) DEFAULT NULL,
  `this_release_duration` varchar(20) DEFAULT NULL,
  `average_album_dynamic_range` int(11) DEFAULT NULL,
  PRIMARY KEY (`id`)
) ENGINE=InnoDB DEFAULT CHARSET=utf8mb4 COLLATE=utf8mb4_general_ci;
/*!40101 SET character_set_client = @saved_cs_client */;

--
-- Dumping data for table `master_release_entry`
--

LOCK TABLES `master_release_entry` WRITE;
/*!40000 ALTER TABLE `master_release_entry` DISABLE KEYS */;
INSERT INTO `master_release_entry` VALUES (1,1,1,1,'MCAD-37214',1972,1985,1,3,'00:41:03',13),(2,1,2,1,'MCAD-31192',1973,1985,1,3,'00:35:10',14),(3,1,3,1,'MCAD-37216',1974,1985,1,3,'00:34:02',12),(4,1,4,1,'MCAD-37217',1975,1985,1,3,'00:33:05',13),(5,1,5,1,'MCAD-37218',1976,1985,1,3,'00:39:11',14),(6,1,6,1,'MCAD-37219',1977,1985,1,3,'00:39:59',14),(7,1,7,1,'MCAD-5488',1980,1984,1,3,'00:38:00',15),(8,2,8,2,'CDP 7 46060 2',1973,1984,1,3,'00:42:57',11),(9,2,9,2,'CDP 7 46035 2',1975,1984,1,3,'00:44:17',12),(10,2,10,2,'CDP 7 46036 2',1979,1984,1,3,'01:21:08',13),(11,2,11,2,'CDP 7 46037 2',1983,1984,1,3,'00:43:41',12),(12,10,12,10,'CASCD 1074',1973,1985,1,3,'00:51:44',13),(13,10,13,10,'CASCD 1052',1971,1985,1,3,'00:39:26',12),(14,10,14,10,'CASCD 1060',1972,1985,1,3,'00:51:11',12),(15,10,15,10,'CASCD 1100',1974,1985,1,3,'01:34:15',14),(16,10,16,10,'CASCD 1108',1976,1985,1,3,'00:51:14',13),(17,10,17,10,'CASCD 1130',1977,1985,1,3,'00:53:11',14),(18,10,18,10,'GBCD 1',1978,1984,1,3,'00:53:32',13),(19,10,19,10,'CBRCD 101',1980,1984,1,3,'00:55:04',14),(20,10,20,10,'GEN CD1',1983,1983,1,3,'00:45:51',13),(21,11,21,11,'3114-2',1975,1987,1,3,'00:44:22',12),(22,11,22,11,'2995-2',1974,1987,1,3,'00:33:51',11),(23,11,23,11,'2105-2',1972,1987,1,3,'00:33:23',13),(24,12,24,12,'7 46001 2',1982,1984,1,3,'00:42:01',14),(25,12,25,12,'7 46129 2',1984,1984,1,3,'00:38:52',13),(26,13,26,13,'800 089-2',1981,1982,1,3,'00:37:39',14),(27,13,27,13,'810 002-2',1983,1983,1,3,'00:47:11',13),(28,14,28,14,'CDP 7 46008 2',1983,1984,1,3,'00:42:39',11),(29,15,29,15,'19117-2',1977,1986,1,3,'00:38:40',12),(30,16,30,16,'CDP 7 46011 2',1984,1984,1,3,'00:40:11',12),(31,17,31,17,'CK 33453',1975,1986,1,3,'00:35:14',13),(32,17,32,17,'CK 34334',1976,1986,1,3,'00:36:20',14),(33,18,33,18,'9 25060-2',1984,1984,1,3,'00:41:44',13),(34,19,34,19,'CD-80060',1982,1982,1,3,'00:45:01',15),(35,20,35,20,'VDP-2',1984,1984,1,3,'00:39:10',13),(36,21,36,21,'CD 25211',1984,1984,1,3,'00:40:55',12),(37,22,37,22,'CD 5032',1984,1984,1,3,'00:41:20',13),(38,23,38,23,'F-35P 50001',1983,1983,1,3,'00:46:11',14),(39,24,39,24,'CDP 7 46001 2',1983,1983,1,3,'00:42:45',12),(40,25,40,25,'811 110-2',1983,1983,1,3,'00:39:50',13),(41,26,41,26,'CD 80039',1980,1983,1,3,'00:44:12',14),(42,27,42,27,'CK 38837',1983,1983,1,3,'00:43:21',12),(43,28,43,28,'7 46012 2',1984,1984,1,3,'00:40:05',13),(44,29,44,29,'CD 046',1982,1982,1,3,'00:38:44',15),(45,30,45,30,'CK 32160',1973,1986,1,3,'00:33:15',14),(46,31,46,31,'9 23901-2',1983,1983,1,3,'00:42:10',12),(47,32,47,32,'CD 5005',1984,1984,1,3,'00:39:20',13),(48,33,48,33,'32XP-112',1985,1985,1,3,'00:45:15',13),(49,34,49,34,'F35P-20005',1985,1985,1,3,'00:41:30',14),(50,10,50,10,'CASCD 1052',1971,1985,1,3,'00:39:26',12),(51,35,51,35,'814 281-2',1983,1983,1,3,'00:39:58',13),(52,36,52,36,'CD 3217',1983,1983,1,3,'00:43:20',12),(53,37,53,37,'800 077-2',1981,1982,1,3,'00:33:14',14),(54,38,54,38,'CD 25057',1984,1984,1,3,'00:37:45',13),(55,39,55,39,'810 034-2',1983,1983,1,3,'00:44:11',12),(56,40,56,40,'CDP 7 46002 2',1982,1983,1,3,'00:41:22',14),(57,41,57,41,'811 031-2',1983,1983,1,3,'00:46:50',13),(58,42,58,42,'CK 38190',1982,1984,1,3,'00:42:12',13),(59,43,59,43,'CD 5012',1984,1984,1,3,'00:35:44',12),(60,44,60,44,'9 25145-2',1984,1984,1,3,'00:39:20',14),(61,45,61,45,'CDP 7 46022 2',1984,1984,1,3,'00:40:05',13),(62,46,62,46,'812 166-2',1983,1983,1,3,'00:41:15',12),(63,47,63,47,'CD 3220',1984,1984,1,3,'00:43:55',13),(64,48,64,48,'CDP 7 46044 2',1984,1984,1,3,'00:38:44',14),(65,49,65,49,'817 437-2',1984,1984,1,3,'00:45:10',12),(66,50,66,50,'CK 39336',1984,1984,1,3,'01:02:44',13),(67,51,67,51,'CD 5015',1984,1984,1,3,'00:41:33',13),(68,52,68,52,'9 25110-2',1984,1984,1,3,'00:40:11',12),(69,53,69,53,'CDP 7 46011 2',1984,1984,1,3,'00:42:55',14),(70,54,70,54,'821 523-2',1984,1984,1,3,'00:39:40',13),(71,55,71,55,'CD 3225',1985,1985,1,3,'00:44:22',12),(72,56,72,56,'CDP 7 46060 2',1985,1985,1,3,'00:37:15',13),(73,57,73,57,'823 777-2',1985,1985,1,3,'00:41:00',14),(74,58,74,58,'CK 39600',1985,1985,1,3,'00:43:44',13),(75,59,75,59,'CD 5020',1985,1985,1,3,'00:38:22',12),(76,60,76,60,'9 25261-2',1985,1985,1,3,'00:45:10',13),(77,61,77,61,'CDP 7 46101 2',1985,1985,1,3,'00:40:40',14),(78,62,78,62,'825 022-2',1985,1985,1,3,'00:39:15',13),(79,63,79,63,'CD 3230',1985,1985,1,3,'00:42:30',12),(80,64,80,64,'CDP 7 46120 2',1985,1985,1,3,'00:37:55',13),(81,65,81,65,'827 333-2',1986,1986,1,3,'00:44:10',14),(82,66,82,66,'CK 40100',1986,1986,1,3,'00:41:22',13),(83,67,83,67,'CD 5025',1986,1986,1,3,'00:38:44',12),(84,68,84,68,'9 25401-2',1986,1986,1,3,'00:43:10',13),(85,69,85,69,'CDP 7 46201 2',1986,1986,1,3,'00:40:55',14),(86,70,86,70,'829 111-2',1986,1986,1,3,'00:39:40',13),(87,71,87,71,'CD 3235',1986,1986,1,3,'00:42:15',12),(88,72,88,72,'CDP 7 46250 2',1986,1986,1,3,'00:37:10',13),(89,73,89,73,'831 444-2',1987,1987,1,3,'00:44:50',14),(90,74,90,74,'CK 40500',1987,1987,1,3,'00:41:40',13),(91,75,91,75,'CD 5030',1987,1987,1,3,'00:38:15',12),(92,76,92,76,'9 25550-2',1987,1987,1,3,'00:43:30',13),(93,77,93,77,'CDP 7 46401 2',1987,1987,1,3,'00:40:20',14),(94,78,94,78,'833 222-2',1987,1987,1,3,'00:39:55',13),(95,79,95,79,'CD 3240',1987,1987,1,3,'00:42:50',12),(96,80,96,80,'CDP 7 46500 2',1987,1987,1,3,'00:37:35',13),(97,81,97,81,'835 111-2',1988,1988,1,3,'00:44:20',14),(98,82,98,82,'CK 44100',1988,1988,1,3,'00:41:10',13),(99,83,99,83,'CD 5035',1988,1988,1,3,'00:38:55',12),(100,84,100,84,'9 25700-2',1988,1988,1,3,'00:43:05',13),(101,85,101,85,'CDP 7 46600 2',1988,1988,1,3,'00:44:20',13),(102,86,102,86,'837 111-2',1989,1989,1,3,'00:39:15',12),(103,87,103,87,'CD 3245',1989,1989,1,3,'00:41:50',14),(104,88,104,88,'CK 45100',1989,1989,1,3,'00:43:10',13),(105,89,105,89,'9 25900-2',1989,1989,1,3,'00:38:40',12),(106,90,106,90,'CDP 7 46801 2',1989,1989,1,3,'00:45:20',14),(107,91,107,91,'839 222-2',1990,1990,1,3,'00:40:55',13),(108,92,108,92,'CD 3250',1990,1990,1,3,'00:42:30',12),(109,93,109,93,'CK 46100',1990,1990,1,3,'00:37:45',13),(110,94,110,94,'9 26100-2',1990,1990,1,3,'00:44:10',14),(111,95,111,95,'CDP 7 47000 2',1990,1990,1,3,'00:41:15',13),(112,96,112,96,'841 333-2',1991,1991,1,3,'00:39:50',12),(113,97,113,97,'CD 3255',1991,1991,1,3,'00:43:25',14),(114,98,114,98,'CK 47100',1991,1991,1,3,'00:40:40',13),(115,99,115,99,'9 26300-2',1991,1991,1,3,'00:38:15',12),(116,100,116,100,'CDP 7 47201 2',1991,1991,1,3,'00:45:50',14),(117,101,117,101,'843 444-2',1992,1992,1,3,'00:41:30',13),(118,102,118,102,'CD 3260',1992,1992,1,3,'00:39:10',12),(119,103,119,103,'CK 48100',1992,1992,1,3,'00:44:45',14),(120,104,120,104,'9 26500-2',1992,1992,1,3,'00:37:55',13),(121,105,121,105,'CDP 7 47400 2',1992,1992,1,3,'00:42:20',12),(122,106,122,106,'845 555-2',1993,1993,1,3,'00:40:05',14),(123,107,123,107,'CD 3265',1993,1993,1,3,'00:39:40',13),(124,108,124,108,'CK 49100',1993,1993,1,3,'00:43:50',12),(125,109,125,109,'9 26700-2',1993,1993,1,3,'00:41:10',14),(126,110,126,110,'CDP 7 47601 2',1993,1993,1,3,'00:38:25',13),(127,111,127,111,'847 666-2',1994,1994,1,3,'00:45:15',12),(128,112,128,112,'CD 3270',1994,1994,1,3,'00:40:40',14),(129,113,129,113,'CK 50100',1994,1994,1,3,'00:42:30',13),(130,114,130,114,'9 26900-2',1994,1994,1,3,'00:37:15',12),(131,115,131,115,'CDP 7 47800 2',1994,1994,1,3,'00:44:50',14),(132,116,132,116,'849 777-2',1995,1995,1,3,'00:41:20',13),(133,117,133,117,'CD 3275',1995,1995,1,3,'00:39:55',12),(134,118,134,118,'CK 51100',1995,1995,1,3,'00:43:05',14),(135,119,135,119,'9 27100-2',1995,1995,1,3,'00:40:20',13),(136,120,136,120,'CDP 7 48001 2',1995,1995,1,3,'00:38:44',12),(137,121,137,121,'851 888-2',1996,1996,1,3,'00:45:40',14),(138,122,138,122,'CD 3280',1996,1996,1,3,'00:41:10',13),(139,123,139,123,'CK 52100',1996,1996,1,3,'00:39:25',12),(140,124,140,124,'9 27300-2',1996,1996,1,3,'00:44:15',14),(141,125,141,125,'CDP 7 48200 2',1996,1996,1,3,'00:40:35',13),(142,126,142,126,'853 999-2',1997,1997,1,3,'00:37:50',12),(143,127,143,127,'CD 3285',1997,1997,1,3,'00:43:20',14),(144,128,144,128,'CK 53100',1997,1997,1,3,'00:41:45',13),(145,129,145,129,'9 27500-2',1997,1997,1,3,'00:38:10',12),(146,130,146,130,'CDP 7 48401 2',1997,1997,1,3,'00:46:10',14),(147,131,147,131,'855 000-2',1998,1998,1,3,'00:40:25',13),(148,132,148,132,'CD 3290',1998,1998,1,3,'00:42:50',12),(149,133,149,133,'CK 54100',1998,1998,1,3,'00:37:30',14),(150,114,184,86,'CDSML 8580',1973,2021,7,3,'01:08:20',14),(151,134,151,134,'9 27700-2',1998,1998,1,3,'00:44:40',13),(152,135,152,135,'CDP 7 48600 2',1998,1998,1,3,'00:41:55',12),(153,136,153,136,'857 111-2',1999,1999,1,3,'00:39:05',14),(154,137,154,137,'CD 3295',1999,1999,1,3,'00:43:35',13),(155,138,155,138,'CK 55100',1999,1999,1,3,'00:40:15',12),(156,139,156,139,'9 27900-2',1999,1999,1,3,'00:38:50',14),(157,140,157,140,'CDP 7 48801 2',1999,1999,1,3,'00:45:00',13),(158,141,158,141,'859 222-2',2000,2000,1,3,'00:41:40',12),(159,5,3,5,'811 745-2',1977,1982,1,3,'00:39:59',12),(160,142,160,142,'CD 3300',2000,2000,1,3,'00:41:22',11),(161,143,161,143,'CK 56100',2000,2000,1,3,'00:43:50',12),(162,144,162,144,'9 28100-2',2000,2000,1,3,'00:39:15',13),(163,145,163,145,'CDP 7 49001 2',2000,2000,1,3,'00:45:10',10),(164,146,164,146,'861 333-2',2001,2001,1,3,'00:42:30',12),(165,147,165,147,'CD 3305',2001,2001,1,3,'00:38:44',11),(166,148,166,148,'CK 57100',2001,2001,1,3,'00:40:55',13),(167,149,167,149,'9 28300-2',2001,2001,1,3,'00:44:15',12),(168,150,168,150,'CDP 7 49200 2',2001,2001,1,3,'00:37:50',11),(169,151,169,151,'863 444-2',2002,2002,1,3,'00:41:40',10),(170,152,170,152,'CD 3310',2002,2002,1,3,'00:39:25',12),(171,153,171,153,'CK 58100',2002,2002,1,3,'00:45:15',13),(172,154,172,154,'9 28500-2',2002,2002,1,3,'00:40:40',11),(173,155,173,155,'CDP 7 49401 2',2002,2002,1,3,'00:38:25',12),(174,156,174,156,'865 555-2',2003,2003,1,3,'00:43:05',10),(175,157,175,157,'CD 3315',2003,2003,1,3,'00:41:10',11),(176,158,176,158,'CK 59100',2003,2003,1,3,'00:39:55',12),(177,159,177,159,'9 28700-2',2003,2003,1,3,'00:45:40',13),(178,160,178,160,'CDP 7 49600 2',2003,2003,1,3,'00:40:20',11),(179,161,179,161,'867 666-2',2004,2004,1,3,'00:38:44',12),(180,162,180,162,'CD 3320',2004,2004,1,3,'00:44:50',10),(181,163,181,163,'CK 60100',2004,2004,1,3,'00:41:30',11),(182,164,182,164,'9 28900-2',2004,2004,1,3,'00:42:15',12),(183,165,183,165,'CDP 7 49801 2',2004,2004,1,3,'00:37:30',13),(184,166,184,166,'869 777-2',2005,2005,1,3,'00:40:25',11),(185,167,185,167,'CD 3325',2005,2005,1,3,'00:43:20',12),(186,168,186,168,'CK 61100',2005,2005,1,3,'00:39:10',10),(187,169,187,169,'9 29100-2',2005,2005,1,3,'00:45:00',11),(188,170,188,170,'CDP 7 50000 2',2005,2005,1,3,'00:41:45',12),(189,171,189,171,'871 888-2',2006,2006,1,3,'00:38:10',13),(190,172,190,172,'CD 3330',2006,2006,1,3,'00:46:10',11),(191,173,191,173,'CK 62100',2006,2006,1,3,'00:40:35',12),(192,174,192,174,'9 29300-2',2006,2006,1,3,'00:37:50',10),(193,175,193,175,'CDP 7 50201 2',2006,2006,1,3,'00:43:40',11),(194,176,194,176,'873 999-2',2007,2007,1,3,'00:41:55',12),(195,177,195,177,'CD 3335',2007,2007,1,3,'00:39:05',13),(196,178,196,178,'CK 63100',2007,2007,1,3,'00:42:50',11),(197,179,197,179,'9 29500-2',2007,2007,1,3,'00:40:15',12),(198,180,198,180,'CDP 7 50400 2',2007,2007,1,3,'00:38:50',10),(199,181,199,181,'875 000-2',2008,2008,1,3,'00:44:30',11),(200,182,200,182,'CD 3340',2008,2008,1,3,'00:41:10',12),(201,183,201,183,'CK 64100',2008,2008,1,3,'00:43:20',11),(202,184,202,184,'9 29700-2',2008,2008,1,3,'00:39:45',12),(203,185,203,185,'CDP 7 50601 2',2008,2008,1,3,'00:41:10',10),(204,186,204,186,'877 111-2',2009,2009,1,3,'00:44:55',13),(205,187,205,187,'CD 3345',2009,2009,1,3,'00:38:20',11),(206,188,206,188,'CK 65100',2009,2009,1,3,'00:42:30',12),(207,189,207,189,'9 29900-2',2009,2009,1,3,'00:40:15',10),(208,190,208,190,'CDP 7 50800 2',2009,2009,1,3,'00:37:40',11),(209,191,209,191,'879 222-2',2010,2010,1,3,'00:45:10',12),(210,192,210,192,'CD 3350',2010,2010,1,3,'00:41:25',13),(211,193,211,193,'CK 66100',2010,2010,1,3,'00:39:50',11),(212,194,212,194,'9 30100-2',2010,2010,1,3,'00:43:30',12),(213,195,213,195,'CDP 7 51001 2',2010,2010,1,3,'00:40:55',10),(214,196,214,196,'881 333-2',2011,2011,1,3,'00:38:15',11),(215,197,215,197,'CD 3355',2011,2011,1,3,'00:42:45',12),(216,198,216,198,'CK 67100',2011,2011,1,3,'00:41:15',13),(217,199,217,199,'9 30300-2',2011,2011,1,3,'00:39:40',11),(218,200,218,200,'CDP 7 51200 2',2011,2011,1,3,'00:44:20',12),(219,201,219,201,'883 444-2',2012,2012,1,3,'00:40:05',10),(220,202,220,202,'CD 3360',2012,2012,1,3,'00:38:50',11),(221,203,221,203,'CK 68100',2012,2012,1,3,'00:43:10',12),(222,204,222,204,'9 30500-2',2012,2012,1,3,'00:41:40',13),(223,205,223,205,'CDP 7 51401 2',2012,2012,1,3,'00:37:35',11),(224,206,224,206,'885 555-2',2013,2013,1,3,'00:45:00',12),(225,207,225,207,'CD 3365',2013,2013,1,3,'00:41:55',10),(226,208,226,208,'CK 69100',2013,2013,1,3,'00:40:20',11),(227,209,227,209,'9 30700-2',2013,2013,1,3,'00:38:44',12),(228,210,228,210,'CDP 7 51600 2',2013,2013,1,3,'00:44:15',13),(229,211,229,211,'887 666-2',2014,2014,1,3,'00:41:30',11),(230,212,230,212,'CD 3370',2014,2014,1,3,'00:39:55',12),(231,213,231,213,'CK 70100',2014,2014,1,3,'00:43:05',10),(232,214,232,214,'9 30900-2',2014,2014,1,3,'00:40:40',11),(233,215,233,215,'CDP 7 51801 2',2014,2014,1,3,'00:38:15',12),(234,216,234,216,'889 777-2',2015,2015,1,3,'00:45:50',13),(235,217,235,217,'CD 3375',2015,2015,1,3,'00:41:20',11),(236,218,236,218,'CK 71100',2015,2015,1,3,'00:39:10',12),(237,219,237,219,'9 31100-2',2015,2015,1,3,'00:44:45',10),(238,220,238,220,'CDP 7 52000 2',2015,2015,1,3,'00:40:25',11),(239,221,239,221,'891 888-2',2016,2016,1,3,'00:38:30',12),(240,222,240,222,'CD 3380',2016,2016,1,3,'00:46:10',13),(241,223,241,223,'CK 72100',2016,2016,1,3,'00:41:45',11),(242,224,242,224,'9 31300-2',2016,2016,1,3,'00:37:55',12),(243,225,243,225,'CDP 7 52201 2',2016,2016,1,3,'00:43:20',10),(244,226,244,226,'893 999-2',2017,2017,1,3,'00:41:33',11),(245,227,245,227,'CD 3385',2017,2017,1,3,'00:39:50',12),(246,228,246,228,'CK 73100',2017,2017,1,3,'00:44:30',13),(247,229,247,229,'9 31500-2',2017,2017,1,3,'00:40:40',11),(248,230,248,230,'CDP 7 52400 2',2017,2017,1,3,'00:38:55',12),(249,231,249,231,'895 000-2',2018,2018,1,3,'00:45:15',10),(250,232,250,232,'CD 3390',2018,2018,1,3,'00:41:10',11),(251,233,251,233,'CK 74100',2018,2018,1,3,'00:43:20',11),(252,234,252,234,'9 31700-2',2018,2018,1,3,'00:39:45',12),(253,235,253,235,'CDP 7 52601 2',2018,2018,1,3,'00:41:10',10),(254,236,254,236,'897 111-2',2019,2019,1,3,'00:44:55',13),(255,237,255,237,'CD 3395',2019,2019,1,3,'00:38:20',11),(256,238,256,238,'CK 75100',2019,2019,1,3,'00:42:30',12),(257,239,257,239,'9 31900-2',2019,2019,1,3,'00:40:15',10),(258,240,258,240,'CDP 7 52800 2',2019,2019,1,3,'00:37:40',11),(259,241,259,241,'899 222-2',2020,2020,1,3,'00:45:10',12),(260,242,260,242,'CD 3400',2020,2020,1,3,'00:41:25',13),(261,243,261,243,'CK 76100',2020,2020,1,3,'00:39:50',11),(262,244,262,244,'9 32100-2',2020,2020,1,3,'00:43:30',12),(263,245,263,245,'CDP 7 53001 2',2020,2020,1,3,'00:40:55',10),(264,246,264,246,'901 333-2',2021,2021,1,3,'00:38:15',11),(265,247,265,247,'CD 3405',2021,2021,1,3,'00:42:45',12),(266,248,266,248,'CK 77100',2021,2021,1,3,'00:41:15',13),(267,249,267,249,'9 32300-2',2021,2021,1,3,'00:39:40',11),(268,250,268,250,'CDP 7 53200 2',2021,2021,1,3,'00:44:20',12),(269,251,269,251,'903 444-2',2022,2022,1,3,'00:40:05',10),(270,252,270,252,'CD 3410',2022,2022,1,3,'00:38:50',11),(271,253,271,253,'CK 78100',2022,2022,1,3,'00:43:10',12),(272,254,272,254,'9 32500-2',2022,2022,1,3,'00:41:40',13),(273,255,273,255,'CDP 7 53401 2',2022,2022,1,3,'00:37:35',11),(274,256,274,256,'905 555-2',2023,2023,1,3,'00:45:00',12),(275,257,275,257,'CD 3415',2023,2023,1,3,'00:41:55',10),(276,258,276,258,'CK 79100',2023,2023,1,3,'00:40:20',11),(277,259,277,259,'9 32700-2',2023,2023,1,3,'00:38:44',12),(278,260,278,260,'CDP 7 53600 2',2023,2023,1,3,'00:44:15',13),(279,261,279,261,'907 666-2',2024,2024,1,3,'00:41:30',11),(280,262,280,262,'CD 3420',2024,2024,1,3,'00:39:55',12),(281,263,281,263,'CK 80100',2024,2024,1,3,'00:43:05',10),(282,264,282,264,'9 32900-2',2024,2024,1,3,'00:40:40',11),(283,265,283,265,'CDP 7 53801 2',2024,2024,1,3,'00:38:15',12),(284,266,284,266,'909 777-2',2025,2025,1,3,'00:45:50',13),(285,267,285,267,'CD 3425',2025,2025,1,3,'00:41:20',11),(286,268,286,268,'CK 81100',2025,2025,1,3,'00:39:10',12),(287,269,287,269,'9 33100-2',2025,2025,1,3,'00:44:45',10),(288,270,288,270,'CDP 7 54000 2',2025,2025,1,3,'00:40:25',11),(289,271,289,271,'911 888-2',2026,2026,1,3,'00:38:30',12),(290,272,290,272,'CD 3430',2026,2026,1,3,'00:46:10',13),(291,273,291,273,'CK 82100',2026,2026,1,3,'00:41:45',11),(292,274,292,274,'9 33300-2',2026,2026,1,3,'00:37:55',12),(293,275,293,275,'CDP 7 54201 2',2026,2026,1,3,'00:43:20',10),(294,276,294,276,'913 999-2',2027,2027,1,3,'00:41:33',11),(295,277,295,277,'CD 3435',2027,2027,1,3,'00:39:50',12),(296,278,296,278,'CK 83100',2027,2027,1,3,'00:44:30',13),(297,279,297,279,'9 33500-2',2027,2027,1,3,'00:40:40',11),(298,280,298,280,'CDP 7 54400 2',2027,2027,1,3,'00:38:55',12),(299,281,299,281,'915 000-2',2028,2028,1,3,'00:45:15',10),(300,282,300,282,'CD 3440',2028,2028,1,3,'00:41:10',11),(301,283,301,283,'CK 84100',2028,2028,1,3,'00:43:50',12),(302,284,302,284,'9 33700-2',2028,2028,1,3,'00:39:15',13),(303,285,303,285,'CDP 7 54601 2',2028,2028,1,3,'00:45:10',10),(304,286,304,286,'917 111-2',2029,2029,1,3,'00:42:30',12),(305,287,305,287,'CD 3445',2029,2029,1,3,'00:38:44',11),(306,288,306,288,'CK 85100',2029,2029,1,3,'00:40:55',13),(307,289,307,289,'9 33900-2',2029,2029,1,3,'00:44:15',12),(308,290,308,290,'CDP 7 54800 2',2029,2029,1,3,'00:37:50',11),(309,291,309,291,'919 222-2',2030,2030,1,3,'00:41:40',10),(310,292,310,292,'CD 3450',2030,2030,1,3,'00:39:25',12),(311,293,311,293,'CK 86100',2030,2030,1,3,'00:45:15',13),(312,294,312,294,'9 34100-2',2030,2030,1,3,'00:40:40',11),(313,295,313,295,'CDP 7 55001 2',2030,2030,1,3,'00:38:25',12),(314,296,314,296,'921 333-2',2031,2031,1,3,'00:43:05',10),(315,297,315,297,'CD 3455',2031,2031,1,3,'00:41:10',11),(316,298,316,298,'CK 87100',2031,2031,1,3,'00:39:55',12),(317,299,317,299,'9 34300-2',2031,2031,1,3,'00:45:40',13),(318,300,318,300,'CDP 7 55200 2',2031,2031,1,3,'00:40:20',11),(319,301,319,301,'923 444-2',2032,2032,1,3,'00:38:44',12),(320,302,320,302,'CD 3460',2032,2032,1,3,'00:44:50',10),(321,303,321,303,'CK 88100',2032,2032,1,3,'00:41:30',11),(322,304,322,304,'9 34500-2',2032,2032,1,3,'00:42:15',12),(323,305,323,305,'CDP 7 55401 2',2032,2032,1,3,'00:37:30',13),(324,306,324,306,'925 555-2',2033,2033,1,3,'00:40:25',11),(325,307,325,307,'CD 3465',2033,2033,1,3,'00:43:20',12),(326,308,326,308,'CK 89100',2033,2033,1,3,'00:39:10',10),(327,309,327,309,'9 34700-2',2033,2033,1,3,'00:45:00',11),(328,310,328,310,'CDP 7 55600 2',2033,2033,1,3,'00:41:45',12),(329,311,329,311,'927 666-2',2034,2034,1,3,'00:38:10',13),(330,312,330,312,'CD 3470',2034,2034,1,3,'00:46:10',11),(331,313,331,313,'CK 90100',2034,2034,1,3,'00:40:35',12),(332,314,332,314,'9 34900-2',2034,2034,1,3,'00:37:50',10),(333,315,333,315,'CDP 7 55801 2',2034,2034,1,3,'00:43:40',11),(334,316,334,316,'929 777-2',2035,2035,1,3,'00:41:55',12),(335,317,335,317,'CD 3475',2035,2035,1,3,'00:39:05',13),(336,318,336,318,'CK 91100',2035,2035,1,3,'00:42:50',11),(337,319,337,319,'9 35100-2',2035,2035,1,3,'00:40:15',12),(338,320,338,320,'CDP 7 56000 2',2035,2035,1,3,'00:38:50',10),(339,321,339,321,'931 888-2',2036,2036,1,3,'00:44:30',11),(340,322,340,322,'CD 3480',2036,2036,1,3,'00:41:10',12),(341,323,341,323,'CK 92100',2036,2036,1,3,'00:43:20',13),(342,324,342,324,'9 35300-2',2036,2036,1,3,'00:39:45',11),(343,325,343,325,'CDP 7 56201 2',2036,2036,1,3,'00:41:10',12),(344,326,344,326,'933 999-2',2037,2037,1,3,'00:44:55',10),(345,327,345,327,'CD 3485',2037,2037,1,3,'00:38:20',11),(346,328,346,328,'CK 93100',2037,2037,1,3,'00:42:30',12),(347,329,347,329,'9 35500-2',2037,2037,1,3,'00:40:15',10),(348,330,348,330,'CDP 7 56400 2',2037,2037,1,3,'00:37:40',11),(349,331,349,331,'935 000-2',2038,2038,1,3,'00:45:10',12),(350,332,350,332,'CD 3490',2038,2038,1,3,'00:41:25',13),(351,333,351,333,'CK 94100',2038,2038,1,3,'00:39:50',11),(352,334,352,334,'9 35700-2',2038,2038,1,3,'00:43:30',12),(353,335,353,335,'CDP 7 56601 2',2038,2038,1,3,'00:40:55',10),(354,336,354,336,'937 222-2',2039,2039,1,3,'00:38:15',11),(355,337,355,337,'CD 3495',2039,2039,1,3,'00:42:45',12),(356,338,356,338,'CK 95100',2039,2039,1,3,'00:41:15',13),(357,339,357,339,'9 35900-2',2039,2039,1,3,'00:39:40',11),(358,340,358,340,'CDP 7 56800 2',2039,2039,1,3,'00:44:20',12),(359,341,359,341,'939 333-2',2040,2040,1,3,'00:40:05',10),(360,342,360,342,'CD 3500',2040,2040,1,3,'00:38:50',11),(361,343,361,343,'CK 96100',2040,2040,1,3,'00:43:10',12),(362,344,362,344,'9 36100-2',2040,2040,1,3,'00:41:40',13),(363,345,363,345,'CDP 7 57001 2',2040,2040,1,3,'00:37:35',11),(364,346,364,346,'941 444-2',2041,2041,1,3,'00:45:00',12),(365,347,365,347,'CD 3505',2041,2041,1,3,'00:41:55',10),(366,348,366,348,'CK 97100',2041,2041,1,3,'00:40:20',11),(367,349,367,349,'9 36300-2',2041,2041,1,3,'00:38:44',12),(368,350,368,350,'CDP 7 57200 2',2041,2041,1,3,'00:44:15',13),(369,351,369,351,'943 555-2',2042,2042,1,3,'00:41:30',11),(370,352,370,352,'CD 3510',2042,2042,1,3,'00:39:55',12),(371,353,371,353,'CK 98100',2042,2042,1,3,'00:43:05',10),(372,354,372,354,'9 36500-2',2042,2042,1,3,'00:40:40',11),(373,355,373,355,'CDP 7 57401 2',2042,2042,1,3,'00:38:15',12),(374,356,374,356,'945 666-2',2043,2043,1,3,'00:45:50',13),(375,357,375,357,'CD 3515',2043,2043,1,3,'00:41:20',11),(376,358,376,358,'CK 99100',2043,2043,1,3,'00:39:10',12),(377,359,377,359,'9 36700-2',2043,2043,1,3,'00:44:45',10),(378,360,378,360,'CDP 7 57600 2',2043,2043,1,3,'00:40:25',11),(379,361,379,361,'947 777-2',2044,2044,1,3,'00:38:30',12),(380,362,380,362,'CD 3520',2044,2044,1,3,'00:46:10',13),(381,363,381,363,'CK 100100',2044,2044,1,3,'00:41:45',11),(382,364,382,364,'9 36900-2',2044,2044,1,3,'00:37:55',12),(383,365,383,365,'CDP 7 57801 2',2044,2044,1,3,'00:43:20',10),(384,366,384,366,'949 888-2',2045,2045,1,3,'00:41:33',11),(385,367,385,367,'CD 3525',2045,2045,1,3,'00:39:50',12),(386,368,386,368,'CK 101100',2045,2045,1,3,'00:44:30',13),(387,369,387,369,'9 37100-2',2045,2045,1,3,'00:40:40',11),(388,370,388,370,'CDP 7 58000 2',2045,2045,1,3,'00:38:55',12),(389,371,389,371,'951 999-2',2046,2046,1,3,'00:45:15',10),(390,372,390,372,'CD 3530',2046,2046,1,3,'00:41:10',11),(391,373,391,373,'CK 102100',2046,2046,1,3,'00:43:50',12),(392,374,392,374,'9 37300-2',2046,2046,1,3,'00:39:15',13),(393,375,393,375,'CDP 7 58201 2',2046,2046,1,3,'00:45:10',10),(394,376,394,376,'953 000-2',2047,2047,1,3,'00:42:30',12),(395,377,395,377,'CD 3535',2047,2047,1,3,'00:38:44',11),(396,378,396,378,'CK 103100',2047,2047,1,3,'00:40:55',13),(397,379,397,379,'9 37500-2',2047,2047,1,3,'00:44:15',12),(398,380,398,380,'CDP 7 58400 2',2047,2047,1,3,'00:37:50',11),(399,381,399,381,'955 111-2',2048,2048,1,3,'00:41:40',10),(400,382,400,382,'CD 3540',2048,2048,1,3,'00:39:25',12),(401,383,401,383,'CK 104100',2048,2048,1,3,'00:45:15',13),(402,384,402,384,'9 37700-2',2048,2048,1,3,'00:40:40',11),(403,385,403,385,'CDP 7 58601 2',2048,2048,1,3,'00:38:25',12),(404,386,404,386,'957 222-2',2049,2049,1,3,'00:43:05',10),(405,387,405,387,'CD 3545',2049,2049,1,3,'00:41:10',11),(406,388,406,388,'CK 105100',2049,2049,1,3,'00:39:55',12),(407,389,407,389,'9 37900-2',2049,2049,1,3,'00:45:40',13),(408,390,408,390,'CDP 7 58800 2',2049,2049,1,3,'00:40:20',11),(409,391,409,391,'959 333-2',2050,2050,1,3,'00:38:44',12),(410,392,410,392,'CD 3550',2050,2050,1,3,'00:44:50',10),(411,393,411,393,'CK 106100',2050,2050,1,3,'00:41:30',11),(412,394,412,394,'9 38100-2',2050,2050,1,3,'00:42:15',12),(413,395,413,395,'CDP 7 59001 2',2050,2050,1,3,'00:37:30',13),(414,396,414,396,'961 444-2',2051,2051,1,3,'00:40:25',11),(415,397,415,397,'CD 3555',2051,2051,1,3,'00:43:20',12),(416,398,416,398,'CK 107100',2051,2051,1,3,'00:39:10',10),(417,399,417,399,'9 38300-2',2051,2051,1,3,'00:45:00',11),(418,400,418,400,'CDP 7 59200 2',2051,2051,1,3,'00:41:45',12),(419,401,419,401,'963 555-2',2052,2052,1,3,'00:38:10',13),(420,402,420,402,'CD 3560',2052,2052,1,3,'00:46:10',11),(421,403,421,403,'CK 108100',2052,2052,1,3,'00:40:35',12),(422,404,422,404,'9 38500-2',2052,2052,1,3,'00:37:50',10),(423,405,423,405,'CDP 7 59401 2',2052,2052,1,3,'00:43:40',11),(424,406,424,406,'965 666-2',2053,2053,1,3,'00:41:55',12),(425,407,425,407,'CD 3565',2053,2053,1,3,'00:39:05',13),(426,408,426,408,'CK 109100',2053,2053,1,3,'00:42:50',11),(427,409,427,409,'9 38700-2',2053,2053,1,3,'00:40:15',12),(428,410,428,410,'CDP 7 59600 2',2053,2053,1,3,'00:38:50',10),(429,411,429,411,'967 777-2',2054,2054,1,3,'00:44:30',11),(430,412,430,412,'CD 3570',2054,2054,1,3,'00:41:10',12),(431,413,431,413,'CK 110100',2054,2054,1,3,'00:43:20',13),(432,414,432,414,'9 38900-2',2054,2054,1,3,'00:39:45',11),(433,415,433,415,'CDP 7 59801 2',2054,2054,1,3,'00:41:10',12),(434,416,434,416,'969 888-2',2055,2055,1,3,'00:44:55',10),(435,417,435,417,'CD 3575',2055,2055,1,3,'00:38:20',11),(436,418,436,418,'CK 111100',2055,2055,1,3,'00:42:30',12),(437,419,437,419,'9 39100-2',2055,2055,1,3,'00:40:15',13),(438,420,438,420,'CDP 7 60000 2',2055,2055,1,3,'00:37:40',11),(439,421,439,421,'971 999-2',2056,2056,1,3,'00:45:10',12),(440,422,440,422,'CD 3580',2056,2056,1,3,'00:41:25',10),(441,423,441,423,'CK 112100',2056,2056,1,3,'00:39:50',11),(442,424,442,424,'9 39300-2',2056,2056,1,3,'00:43:30',12),(443,425,443,425,'CDP 7 60201 2',2056,2056,1,3,'00:40:55',13),(444,426,444,426,'973 000-2',2057,2057,1,3,'00:38:15',11),(445,427,445,427,'CD 3585',2057,2057,1,3,'00:42:45',12),(446,428,446,428,'CK 113100',2057,2057,1,3,'00:41:15',10),(447,429,447,429,'9 39500-2',2057,2057,1,3,'00:39:40',11),(448,430,448,430,'CDP 7 60400 2',2057,2057,1,3,'00:44:20',12),(449,431,449,431,'975 111-2',2058,2058,1,3,'00:40:05',13),(450,432,450,432,'CD 3590',2058,2058,1,3,'00:38:50',11),(451,433,451,433,'CK 114100',2058,2058,1,3,'00:43:10',12),(452,434,452,434,'9 39700-2',2058,2058,1,3,'00:41:40',13),(453,10,12,10,'CASCDX 1074',1973,1994,2,3,'00:53:39',12),(454,435,453,435,'977 222-2',2059,2059,1,3,'00:45:00',11),(455,436,454,436,'CD 3595',2059,2059,1,3,'00:41:55',12),(456,437,455,437,'CK 115100',2059,2059,1,3,'00:40:20',10),(457,438,456,438,'9 39900-2',2059,2059,1,3,'00:38:44',11),(458,439,457,439,'CDP 7 60600 2',2059,2059,1,3,'00:44:15',12),(459,440,458,440,'979 333-2',2060,2060,1,3,'00:41:30',13),(460,441,459,441,'CD 3600',2060,2060,1,3,'00:39:55',11),(461,442,460,442,'CK 116100',2060,2060,1,3,'00:43:05',12),(462,443,461,443,'9 40100-2',2060,2060,1,3,'00:40:40',10),(463,444,462,444,'CDP 7 60801 2',2060,2060,1,3,'00:38:15',11),(464,445,463,445,'981 444-2',2061,2061,1,3,'00:45:50',12),(465,446,464,446,'CD 3605',2061,2061,1,3,'00:41:20',13),(466,447,465,447,'CK 117100',2061,2061,1,3,'00:39:10',11),(467,448,466,448,'9 40300-2',2061,2061,1,3,'00:44:45',12),(468,449,467,449,'CDP 7 61000 2',2061,2061,1,3,'00:40:25',10),(469,450,468,450,'983 555-2',2062,2062,1,3,'00:38:30',11),(470,451,469,451,'CD 3610',2062,2062,1,3,'00:46:10',12),(471,452,470,452,'CK 118100',2062,2062,1,3,'00:40:35',13),(472,453,471,453,'9 40500-2',2062,2062,1,3,'00:37:55',11),(473,454,472,454,'CDP 7 61201 2',2062,2062,1,3,'00:43:20',12),(474,455,473,455,'985 666-2',2063,2063,1,3,'00:41:33',10),(475,456,474,456,'CD 3615',2063,2063,1,3,'00:39:50',11),(476,457,475,457,'CK 119100',2063,2063,1,3,'00:44:30',12),(477,458,476,458,'9 40700-2',2063,2063,1,3,'00:40:40',13),(478,459,477,459,'CDP 7 61400 2',2063,2063,1,3,'00:38:55',11),(479,460,478,460,'987 777-2',2064,2064,1,3,'00:45:15',12),(480,461,479,461,'CD 3620',2064,2064,1,3,'00:41:10',10),(481,462,480,462,'CK 120100',2064,2064,1,3,'00:43:50',11),(482,463,481,463,'9 40900-2',2064,2064,1,3,'00:39:15',12),(483,464,482,464,'CDP 7 61601 2',2064,2064,1,3,'00:45:10',13),(484,465,483,465,'989 888-2',2065,2065,1,3,'00:42:30',11),(485,466,484,466,'CD 3625',2065,2065,1,3,'00:38:44',12),(486,467,485,467,'CK 121100',2065,2065,1,3,'00:40:55',10),(487,468,486,468,'9 41100-2',2065,2065,1,3,'00:44:15',11),(488,469,487,469,'CDP 7 61800 2',2065,2065,1,3,'00:37:50',12),(489,470,488,470,'991 999-2',2066,2066,1,3,'00:41:40',13),(490,471,489,471,'CD 3630',2066,2066,1,3,'00:39:25',11),(491,472,490,472,'CK 122100',2066,2066,1,3,'00:45:15',12),(492,473,491,473,'9 41300-2',2066,2066,1,3,'00:40:40',10),(493,474,492,474,'CDP 7 62001 2',2066,2066,1,3,'00:38:25',11),(494,475,493,475,'993 000-2',2067,2067,1,3,'00:43:05',12),(495,476,494,476,'CD 3635',2067,2067,1,3,'00:41:10',13),(496,477,495,477,'CK 123100',2067,2067,1,3,'00:39:55',11),(497,478,496,478,'9 41500-2',2067,2067,1,3,'00:45:40',12),(498,479,497,479,'CDP 7 62200 2',2067,2067,1,3,'00:40:20',10),(499,480,498,480,'995 111-2',2068,2068,1,3,'00:38:44',11),(500,481,499,481,'CD 3640',2068,2068,1,3,'00:44:50',12),(501,482,500,482,'CK 124100',2068,2068,1,3,'00:41:30',11),(502,483,501,483,'9 41700-2',2068,2068,1,3,'00:42:15',12),(503,484,502,484,'CDP 7 62401 2',2068,2068,1,3,'00:37:30',10),(504,485,503,485,'997 222-2',2069,2069,1,3,'00:40:25',11),(505,486,504,486,'CD 3645',2069,2069,1,3,'00:43:20',12),(506,487,505,487,'CK 125100',2069,2069,1,3,'00:39:10',13),(507,488,506,488,'9 41900-2',2069,2069,1,3,'00:45:00',11),(508,489,507,489,'CDP 7 62600 2',2069,2069,1,3,'00:41:45',12),(509,490,508,490,'999 333-2',2070,2070,1,3,'00:38:10',10),(510,491,509,491,'CD 3650',2070,2070,1,3,'00:46:10',11),(511,492,510,492,'CK 126100',2070,2070,1,3,'00:40:35',12),(512,493,511,493,'9 42100-2',2070,2070,1,3,'00:37:50',13),(513,494,512,494,'CDP 7 62801 2',2070,2070,1,3,'00:43:40',11),(514,495,513,495,'1001 444-2',2071,2071,1,3,'00:41:55',12),(515,496,514,496,'CD 3655',2071,2071,1,3,'00:39:05',10),(516,497,515,497,'CK 127100',2071,2071,1,3,'00:42:50',11),(517,498,516,498,'9 42300-2',2071,2071,1,3,'00:40:15',12),(518,499,517,499,'CDP 7 63000 2',2071,2071,1,3,'00:38:50',13),(519,500,518,500,'1003 555-2',2072,2072,1,3,'00:44:30',11),(520,501,519,501,'CD 3660',2072,2072,1,3,'00:41:10',12),(521,502,520,502,'CK 128100',2072,2072,1,3,'00:43:20',10),(522,503,521,503,'9 42500-2',2072,2072,1,3,'00:39:45',11),(523,504,522,504,'CDP 7 63201 2',2072,2072,1,3,'00:41:10',12),(524,505,523,505,'1005 666-2',2073,2073,1,3,'00:44:55',13),(525,506,524,506,'CD 3665',2073,2073,1,3,'00:38:20',11),(526,507,525,507,'CK 129100',2073,2073,1,3,'00:42:30',12),(527,508,526,508,'9 42700-2',2073,2073,1,3,'00:40:15',10),(528,509,527,509,'CDP 7 63400 2',2073,2073,1,3,'00:37:40',11),(529,510,528,510,'1007 777-2',2074,2074,1,3,'00:45:10',12),(530,511,529,511,'CD 3670',2074,2074,1,3,'00:41:25',13),(531,512,530,512,'CK 130100',2074,2074,1,3,'00:39:50',11),(532,513,531,513,'9 42900-2',2074,2074,1,3,'00:43:30',12),(533,514,532,514,'CDP 7 63601 2',2074,2074,1,3,'00:40:55',10),(534,515,533,515,'1009 888-2',2075,2075,1,3,'00:38:15',11),(535,516,534,516,'CD 3675',2075,2075,1,3,'00:42:45',12),(536,517,535,517,'CK 131100',2075,2075,1,3,'00:41:15',13),(537,518,536,518,'9 43100-2',2075,2075,1,3,'00:39:40',11),(538,519,537,519,'CDP 7 63800 2',2075,2075,1,3,'00:44:20',12);
/*!40000 ALTER TABLE `master_release_entry` ENABLE KEYS */;
UNLOCK TABLES;

--
-- Table structure for table `media_interaction_log`
--

DROP TABLE IF EXISTS `media_interaction_log`;
/*!40101 SET @saved_cs_client     = @@character_set_client */;
/*!40101 SET character_set_client = utf8mb4 */;
CREATE TABLE `media_interaction_log` (
  `interaction_id` int(11) NOT NULL AUTO_INCREMENT,
  `master_release_id_(lkp)` int(11) DEFAULT NULL,
  `interaction_type` int(11) DEFAULT NULL,
  `interaction_date` datetime DEFAULT current_timestamp(),
  PRIMARY KEY (`interaction_id`)
) ENGINE=InnoDB DEFAULT CHARSET=utf8mb4 COLLATE=utf8mb4_general_ci;
/*!40101 SET character_set_client = @saved_cs_client */;

--
-- Dumping data for table `media_interaction_log`
--

LOCK TABLES `media_interaction_log` WRITE;
/*!40000 ALTER TABLE `media_interaction_log` DISABLE KEYS */;
/*!40000 ALTER TABLE `media_interaction_log` ENABLE KEYS */;
UNLOCK TABLES;

--
-- Table structure for table `other_version_entry`
--

DROP TABLE IF EXISTS `other_version_entry`;
/*!40101 SET @saved_cs_client     = @@character_set_client */;
/*!40101 SET character_set_client = utf8mb4 */;
CREATE TABLE `other_version_entry` (
  `version_id` int(11) NOT NULL AUTO_INCREMENT,
  `id` int(11) DEFAULT NULL,
  `digital_format_type` int(11) DEFAULT NULL,
  `sample_rate` int(11) DEFAULT NULL,
  `bit_depth` int(11) DEFAULT NULL,
  `rip_complete` tinyint(1) DEFAULT 0,
  PRIMARY KEY (`version_id`)
) ENGINE=InnoDB DEFAULT CHARSET=utf8mb4 COLLATE=utf8mb4_general_ci;
/*!40101 SET character_set_client = @saved_cs_client */;

--
-- Dumping data for table `other_version_entry`
--

LOCK TABLES `other_version_entry` WRITE;
/*!40000 ALTER TABLE `other_version_entry` DISABLE KEYS */;
/*!40000 ALTER TABLE `other_version_entry` ENABLE KEYS */;
UNLOCK TABLES;
/*!40103 SET TIME_ZONE=@OLD_TIME_ZONE */;

/*!40101 SET SQL_MODE=@OLD_SQL_MODE */;
/*!40014 SET FOREIGN_KEY_CHECKS=@OLD_FOREIGN_KEY_CHECKS */;
/*!40014 SET UNIQUE_CHECKS=@OLD_UNIQUE_CHECKS */;
/*!40101 SET CHARACTER_SET_CLIENT=@OLD_CHARACTER_SET_CLIENT */;
/*!40101 SET CHARACTER_SET_RESULTS=@OLD_CHARACTER_SET_RESULTS */;
/*!40101 SET COLLATION_CONNECTION=@OLD_COLLATION_CONNECTION */;
/*!40111 SET SQL_NOTES=@OLD_SQL_NOTES */;

-- Dump completed on 2026-03-07 23:29:15
